[
    {
        "id" : 1,
        "name": "El Salvador",
        "iso2": "SV",
        "iso3": "SLV",
        "phone_code": "503",
        "status": "1",
        "tax_code" : "SV",
        "city_code" : "SAL",
        "code" : "9300"
    },
    {
        "id" : 2,
        "name": "Guatemala",
        "iso2": "GT",
        "iso3": "GTM",
        "phone_code": "502",
        "status": "1",
        "tax_code" : "XB",
        "city_code" : "GUA",
        "code" : "9483"
    },
    {
        "id" : 3,
        "name": "Honduras",
        "iso2": "HN",
        "iso3": "HND",
        "phone_code": "504",
        "status": "1",
        "tax_code" : "HN",
        "city_code" : "TGU,SAP",
        "code" : "9501"
    },
    {
        "id" : 4,
        "name": "No definido en migración",
        "iso2": null,
        "iso3": null,
        "phone_code": null,
        "status": "1",
        "tax_code" : null,
        "city_code" : null,
        "code" : "9999"
    },
    {
        "id" : 5,
        "name": "Afghanistan",
        "iso2": "AF",
        "iso3": "AFG",
        "phone_code": "93",
        "status": "1",
        "tax_code" : null,
        "city_code" : null,
        "code" : "9303"
    },
    {
        "id" : 6,
        "name": "Albania",
        "iso2": "AL",
        "iso3": "ALB",
        "phone_code": "355",
        "status": "1",
        "tax_code" : null,
        "city_code" : null,
        "code" : "9306"
    },
    {
        "id" : 7,
        "name": "Germany",
        "iso2": "DE",
        "iso3": "DEU",
        "phone_code": "49",
        "status": "1",
        "tax_code" : null,
        "city_code" : null,
        "code" : "9311"
    },
    {
        "id" : 8,
        "name": "Western Germany",
        "iso2": "DE",
        "iso3": "DEU",
        "phone_code": "49",
        "status": "1",
        "tax_code" : null,
        "city_code" : null,
        "code" : "9309"
    },
    {
        "id" : 9,
        "name": "Eastern Germany",
        "iso2": "DE",
        "iso3": "DEU",
        "phone_code": "37",
        "status": "1",
        "tax_code" : null,
        "city_code" : null,
        "code" : "9310"
    },
    {
        "id" : 10,
        "name": "Andorra",
        "iso2": "AD",
        "iso3": "AND",
        "phone_code": "376",
        "status": "1",
        "tax_code" : null,
        "city_code" : null,
        "code" : "9317"
    },
    {
        "id" : 11,
        "name": "Angola",
        "iso2": "AO",
        "iso3": "AGO",
        "phone_code": "244",
        "status": "1",
        "tax_code" : null,
        "city_code" : null,
        "code" : "9318"
    },
    {
        "id" : 12,
        "name": "Anguilla",
        "iso2": "AI",
        "iso3": "AIA",
        "phone_code": "1 264",
        "status": "1",
        "tax_code" : null,
        "city_code" : null,
        "code" : "9320"
    },
    {
        "id" : 13,
        "name": "Antarctica",
        "iso2": "AQ",
        "iso3": "ATA",
        "phone_code": "672",
        "status": "1",
        "tax_code" : null,
        "city_code" : null,
        "code" : null
    },
    {
        "id" : 14,
        "name": "Antigua and Barbuda",
        "iso2": "AG",
        "iso3": "ATG",
        "phone_code": "1 268",
        "status": "1",
        "tax_code" : null,
        "city_code" : null,
        "code" : "9319"
    },
    {
        "id" : 15,
        "name": "Saudi Arabia",
        "iso2": "SA",
        "iso3": "SAU",
        "phone_code": "966",
        "status": "1",
        "tax_code" : null,
        "city_code" : null,
        "code" : "9324"
    },
    {
        "id" : 16,
        "name": "Algeria",
        "iso2": "DZ",
        "iso3": "DZA",
        "phone_code": "213",
        "status": "1",
        "tax_code" : null,
        "city_code" : null,
        "code" : "9327"
    },
    {
        "id" : 17,
        "name": "Argentina",
        "iso2": "AR",
        "iso3": "ARG",
        "phone_code": "54",
        "status": "1",
        "tax_code" : null,
        "city_code" : null,
        "code" : "9330"
    },
    {
        "id" : 18,
        "name": "Armenia",
        "iso2": "AM",
        "iso3": "ARM",
        "phone_code": "374",
        "status": "1",
        "tax_code" : null,
        "city_code" : null,
        "code" : "9673"
    },
    {
        "id" : 19,
        "name": "Aruba",
        "iso2": "AW",
        "iso3": "ABW",
        "phone_code": "297",
        "status": "1",
        "tax_code" : null,
        "city_code" : null,
        "code" : "9332"
    },
    {
        "id" : 20,
        "name": "Australia",
        "iso2": "AU",
        "iso3": "AUS",
        "phone_code": "61",
        "status": "1",
        "tax_code" : null,
        "city_code" : null,
        "code" : "9336"
    },
    {
        "id" : 21,
        "name": "Austria",
        "iso2": "AT",
        "iso3": "AUT",
        "phone_code": "43",
        "status": "1",
        "tax_code" : null,
        "city_code" : null,
        "code" : "9336"
    },
    {
        "id" : 22,
        "name": "Azerbaijan",
        "iso2": "AZ",
        "iso3": "AZE",
        "phone_code": "994",
        "status": "1",
        "tax_code" : null,
        "city_code" : null,
        "code" : "9338"
    },
    {
        "id" : 23,
        "name": "Belgium",
        "iso2": "BE",
        "iso3": "BEL",
        "phone_code": "32",
        "status": "1",
        "tax_code" : null,
        "city_code" : null,
        "code" : "9348"
    },
    {
        "id" : 24,
        "name": "Bahamas",
        "iso2": "BS",
        "iso3": "BHS",
        "phone_code": "1 242",
        "status": "1",
        "tax_code" : null,
        "city_code" : null,
        "code" : "9862"
    },
    {
        "id" : 25,
        "name": "Bahrain",
        "iso2": "BH",
        "iso3": "BHR",
        "phone_code": "973",
        "status": "1",
        "tax_code" : null,
        "city_code" : null,
        "code" : "9342"
    },
    {
        "id" : 26,
        "name": "Bangladesh",
        "iso2": "BD",
        "iso3": "BGD",
        "phone_code": "880",
        "status": "1",
        "tax_code" : null,
        "city_code" : null,
        "code" : "9339"
    },
    {
        "id" : 27,
        "name": "Barbados",
        "iso2": "BB",
        "iso3": "BRB",
        "phone_code": "1 246",
        "status": "1",
        "tax_code" : null,
        "city_code" : null,
        "code" : "9345"
    },
    {
        "id" : 28,
        "name": "Belize",
        "iso2": "BZ",
        "iso3": "BLZ",
        "phone_code": "501",
        "status": "1",
        "tax_code" : null,
        "city_code" : null,
        "code" : "9349"
    },
    {
        "id" : 29,
        "name": "Benin",
        "iso2": "BJ",
        "iso3": "BEN",
        "phone_code": "229",
        "status": "1",
        "tax_code" : null,
        "city_code" : null,
        "code" : "9350"
    },
    {
        "id" : 30,
        "name": "Bhutan",
        "iso2": "BT",
        "iso3": "BTN",
        "phone_code": "975",
        "status": "1",
        "tax_code" : null,
        "city_code" : null,
        "code" : "9375"
    },
    {
        "id" : 31,
        "name": "Belarus",
        "iso2": "BY",
        "iso3": "BLR",
        "phone_code": "375",
        "status": "1",
        "tax_code" : null,
        "city_code" : null,
        "code" : "9353"
    },
    {
        "id" : 32,
        "name": "Myanmar",
        "iso2": "MM",
        "iso3": "MMR",
        "phone_code": "95",
        "status": "1",
        "tax_code" : null,
        "city_code" : null,
        "code" : "9354"
    },
    {
        "id" : 33,
        "name": "Bolivia",
        "iso2": "BO",
        "iso3": "BOL",
        "phone_code": "591",
        "status": "1",
        "tax_code" : null,
        "city_code" : null,
        "code" : "9357"
    },
    {
        "id" : 34,
        "name": "Bosnia and Herzegovina",
        "iso2": "BA",
        "iso3": "BIH",
        "phone_code": "387",
        "status": "1",
        "tax_code" : null,
        "city_code" : null,
        "code" : "9359"
    },
    {
        "id" : 35,
        "name": "Botswana",
        "iso2": "BW",
        "iso3": "BWA",
        "phone_code": "267",
        "status": "1",
        "tax_code" : null,
        "city_code" : null,
        "code" : "9360"
    },
    {
        "id" : 36,
        "name": "Brazil",
        "iso2": "BR",
        "iso3": "BRA",
        "phone_code": "55",
        "status": "1",
        "tax_code" : null,
        "city_code" : null,
        "code" : "9363"
    },
    {
        "id" : 37,
        "name": "Brunei",
        "iso2": "BN",
        "iso3": "BRN",
        "phone_code": "673",
        "status": "1",
        "tax_code" : null,
        "city_code" : null,
        "code" : "9366"
    },
    {
        "id" : 38,
        "name": "Bulgaria",
        "iso2": "BG",
        "iso3": "BGR",
        "phone_code": "359",
        "status": "1",
        "tax_code" : null,
        "city_code" : null,
        "code" : "9369"
    },
    {
        "id" : 39,
        "name": "Burkina Faso",
        "iso2": "BF",
        "iso3": "BFA",
        "phone_code": "226",
        "status": "1",
        "tax_code" : null,
        "city_code" : null,
        "code" : "9371"
    },
    {
        "id" : 40,
        "name": "Burundi",
        "iso2": "BI",
        "iso3": "BDI",
        "phone_code": "257",
        "status": "1",
        "tax_code" : null,
        "city_code" : null,
        "code" : "9372"
    },
    {
        "id" : 41,
        "name": "Cape Verde",
        "iso2": "CV",
        "iso3": "CPV",
        "phone_code": "238",
        "status": "1",
        "tax_code" : null,
        "city_code" : null,
        "code" : "9377"
    },
    {
        "id" : 42,
        "name": "Cambodia",
        "iso2": "KH",
        "iso3": "KHM",
        "phone_code": "855",
        "status": "1",
        "tax_code" : null,
        "city_code" : null,
        "code" : "9378"
    },
    {
        "id" : 43,
        "name": "Cameroon",
        "iso2": "CM",
        "iso3": "CMR",
        "phone_code": "237",
        "status": "1",
        "tax_code" : null,
        "city_code" : null,
        "code" : "9381"
    },
    {
        "id" : 44,
        "name": "Canada",
        "iso2": "CA",
        "iso3": "CAN",
        "phone_code": "1",
        "status": "1",
        "tax_code" : null,
        "city_code" : null,
        "code" : "9384"
    },
    {
        "id" : 45,
        "name": "Chad",
        "iso2": "TD",
        "iso3": "TCD",
        "phone_code": "235",
        "status": "1",
        "tax_code" : null,
        "city_code" : null,
        "code" : "9417"
    },
    {
        "id" : 47,
        "name": "Chile",
        "iso2": "CL",
        "iso3": "CHL",
        "phone_code": "56",
        "status": "1",
        "tax_code" : null,
        "city_code" : null,
        "code" : "9423"
    },
    {
        "id" : 48,
        "name": "China",
        "iso2": "CN",
        "iso3": "CHN",
        "phone_code": "86",
        "status": "1",
        "tax_code" : null,
        "city_code" : null,
        "code" : "9426"
    },
    {
        "id" : 49,
        "name": "Cyprus",
        "iso2": "CY",
        "iso3": "CYP",
        "phone_code": "357",
        "status": "1",
        "tax_code" : null,
        "city_code" : null,
        "code" : "9432"
    },
    {
        "id" : 50,
        "name": "Vatican",
        "iso2": "VA",
        "iso3": "VAT",
        "phone_code": "39",
        "status": "1",
        "tax_code" : null,
        "city_code" : null,
        "code" : "9738"
    },
    {
        "id" : 51,
        "name": "Colombia",
        "iso2": "CO",
        "iso3": "COL",
        "phone_code": "57",
        "status": "1",
        "tax_code" : null,
        "city_code" : null,
        "code" : "9393"
    },
    {
        "id" : 52,
        "name": "Comoros",
        "iso2": "KM",
        "iso3": "COM",
        "phone_code": "269",
        "status": "1",
        "tax_code" : null,
        "city_code" : null,
        "code" : "9394"
    },
    {
        "id" : 53,
        "name": "Republic of the Congo",
        "iso2": "CG",
        "iso3": "COG",
        "phone_code": "242",
        "status": "1",
        "tax_code" : null,
        "city_code" : null,
        "code" : "9399"
    },
    {
        "id" : 54,
        "name": "Democratic Republic of the Congo",
        "iso2": "CD",
        "iso3": "COD",
        "phone_code": "243",
        "status": "1",
        "tax_code" : null,
        "city_code" : null,
        "code" : "9399"
    },
    {
        "id" : 55,
        "name": "North Korea",
        "iso2": "KP",
        "iso3": "PRK",
        "phone_code": "850",
        "status": "1",
        "tax_code" : null,
        "city_code" : null,
        "code" : "9402"
    },
    {
        "id" : 56,
        "name": "South Korea",
        "iso2": "KR",
        "iso3": "KOR",
        "phone_code": "82",
        "status": "1",
        "tax_code" : null,
        "city_code" : null,
        "code" : "9405"
    },
    {
        "id" : 57,
        "name": "Ivory Coast",
        "iso2": "CI",
        "iso3": "CIV",
        "phone_code": "225",
        "status": "1",
        "tax_code" : null,
        "city_code" : null,
        "code" : "9408"
    },
    {
        "id" : 58,
        "name": "Costa Rica",
        "iso2": "CR",
        "iso3": "CRI",
        "phone_code": "506",
        "status": "1",
        "tax_code" : null,
        "city_code" : null,
        "code" : "9411"
    },
    {
        "id" : 59,
        "name": "Croatia",
        "iso2": "HR",
        "iso3": "HRV",
        "phone_code": "385",
        "status": "1",
        "tax_code" : null,
        "city_code" : null,
        "code" : "9641"
    },
    {
        "id" : 60,
        "name": "Cuba",
        "iso2": "CU",
        "iso3": "CUB",
        "phone_code": "53",
        "status": "1",
        "tax_code" : null,
        "city_code" : null,
        "code" : "9414"
    },
    {
        "id" : 61,
        "name": "Curaçao",
        "iso2": "CW",
        "iso3": "CWU",
        "phone_code": "5999",
        "status": "1",
        "tax_code" : null,
        "city_code" : null,
        "code" : "9415"
    },
    {
        "id" : 62,
        "name": "Denmark",
        "iso2": "DK",
        "iso3": "DNK",
        "phone_code": "45",
        "status": "1",
        "tax_code" : null,
        "city_code" : null,
        "code" : "9438"
    },
    {
        "id" : 63,
        "name": "Dominica",
        "iso2": "DM",
        "iso3": "DMA",
        "phone_code": "1 767",
        "status": "1",
        "tax_code" : null,
        "city_code" : null,
        "code" : "9440"
    },
    {
        "id" : 64,
        "name": "Ecuador",
        "iso2": "EC",
        "iso3": "ECU",
        "phone_code": "593",
        "status": "1",
        "tax_code" : null,
        "city_code" : null,
        "code" : "9444"
    },
    {
        "id" : 65,
        "name": "Egypt",
        "iso2": "EG",
        "iso3": "EGY",
        "phone_code": "20",
        "status": "1",
        "tax_code" : null,
        "city_code" : null,
        "code" : "9666"
    },
    {
        "id" : 66,
        "name": "United Arab Emirates",
        "iso2": "AE",
        "iso3": "ARE",
        "phone_code": "971",
        "status": "1",
        "tax_code" : null,
        "city_code" : null,
        "code" : "9446"
    },
    {
        "id" : 67,
        "name": "Eritrea",
        "iso2": "ER",
        "iso3": "ERI",
        "phone_code": "291",
        "status": "1",
        "tax_code" : null,
        "city_code" : null,
        "code" : null
    },
    {
        "id" : 68,
        "name": "Slovakia",
        "iso2": "SK",
        "iso3": "SVK",
        "phone_code": "421",
        "status": "1",
        "tax_code" : null,
        "city_code" : null,
        "code" : null
    },
    {
        "id" : 69,
        "name": "Slovenia",
        "iso2": "SI",
        "iso3": "SVN",
        "phone_code": "386",
        "status": "1",
        "tax_code" : null,
        "city_code" : null,
        "code" : null
    },
    {
        "id" : 70,
        "name": "Spain",
        "iso2": "ES",
        "iso3": "ESP",
        "phone_code": "34",
        "status": "1",
        "tax_code" : null,
        "city_code" : null,
        "code" : "9447"
    },
    {
        "id" : 71,
        "name": "United States of America",
        "iso2": "US",
        "iso3": "USA",
        "phone_code": "1",
        "status": "1",
        "tax_code" : null,
        "city_code" : null,
        "code" : "9450"
    },
    {
        "id" : 72,
        "name": "Estonia",
        "iso2": "EE",
        "iso3": "EST",
        "phone_code": "372",
        "status": "1",
        "tax_code" : null,
        "city_code" : null,
        "code" : "9457"
    },
    {
        "id" : 73,
        "name": "Ethiopia",
        "iso2": "ET",
        "iso3": "ETH",
        "phone_code": "251",
        "status": "1",
        "tax_code" : null,
        "city_code" : null,
        "code" : "9453"
    },
    {
        "id" : 74,
        "name": "Philippines",
        "iso2": "PH",
        "iso3": "PHL",
        "phone_code": "63",
        "status": "1",
        "tax_code" : null,
        "city_code" : null,
        "code" : "9459"
    },
    {
        "id" : 75,
        "name": "Finland",
        "iso2": "FI",
        "iso3": "FIN",
        "phone_code": "358",
        "status": "1",
        "tax_code" : null,
        "city_code" : null,
        "code" : "9462"
    },
    {
        "id" : 76,
        "name": "Fiji",
        "iso2": "FJ",
        "iso3": "FJI",
        "phone_code": "679",
        "status": "1",
        "tax_code" : null,
        "city_code" : null,
        "code" : "9456"
    },
    {
        "id" : 77,
        "name": "France",
        "iso2": "FR",
        "iso3": "FRA",
        "phone_code": "33",
        "status": "1",
        "tax_code" : null,
        "city_code" : null,
        "code" : "9465"
    },
    {
        "id" : 78,
        "name": "Gabon",
        "iso2": "GA",
        "iso3": "GAB",
        "phone_code": "241",
        "status": "1",
        "tax_code" : null,
        "city_code" : null,
        "code" : "9468"
    },
    {
        "id" : 79,
        "name": "Gambia",
        "iso2": "GM",
        "iso3": "GMB",
        "phone_code": "220",
        "status": "1",
        "tax_code" : null,
        "city_code" : null,
        "code" : "9471"
    },
    {
        "id" : 80,
        "name": "Georgia",
        "iso2": "GE",
        "iso3": "GEO",
        "phone_code": "995",
        "status": "1",
        "tax_code" : null,
        "city_code" : null,
        "code" : "9472"
    },
    {
        "id" : 81,
        "name": "Ghana",
        "iso2": "GH",
        "iso3": "GHA",
        "phone_code": "233",
        "status": "1",
        "tax_code" : null,
        "city_code" : null,
        "code" : "9474"
    },
    {
        "id" : 82,
        "name": "Gibraltar",
        "iso2": "GI",
        "iso3": "GIB",
        "phone_code": "350",
        "status": "1",
        "tax_code" : null,
        "city_code" : null,
        "code" : "9477"
    },
    {
        "id" : 83,
        "name": "Grenada",
        "iso2": "GD",
        "iso3": "GRD",
        "phone_code": "1 473",
        "status": "1",
        "tax_code" : null,
        "city_code" : null,
        "code" : "9481"
    },
    {
        "id" : 84,
        "name": "Greece",
        "iso2": "GR",
        "iso3": "GRC",
        "phone_code": "30",
        "status": "1",
        "tax_code" : null,
        "city_code" : null,
        "code" : "9480"
    },
    {
        "id" : 85,
        "name": "Greenland",
        "iso2": "GL",
        "iso3": "GRL",
        "phone_code": "299",
        "status": "1",
        "tax_code" : null,
        "city_code" : null,
        "code" : "9482"
    },
    {
        "id" : 86,
        "name": "Guadeloupe",
        "iso2": "GP",
        "iso3": "GLP",
        "phone_code": "590",
        "status": "1",
        "tax_code" : null,
        "city_code" : null,
        "code" : "9489"
    },
    {
        "id" : 87,
        "name": "Guam",
        "iso2": "GU",
        "iso3": "GUM",
        "phone_code": "1 671",
        "status": "1",
        "tax_code" : null,
        "city_code" : null,
        "code" : "9490"
    },
    {
        "id" : 88,
        "name": "French Guiana",
        "iso2": "GF",
        "iso3": "GUF",
        "phone_code": "594",
        "status": "1",
        "tax_code" : null,
        "city_code" : null,
        "code" : "9491"
    },
    {
        "id" : 89,
        "name": "Guernsey",
        "iso2": "GG",
        "iso3": "GGY",
        "phone_code": "44",
        "status": "1",
        "tax_code" : null,
        "city_code" : null,
        "code" : "9492"
    },
    {
        "id" : 90,
        "name": "Guinea",
        "iso2": "GN",
        "iso3": "GIN",
        "phone_code": "224",
        "status": "1",
        "tax_code" : null,
        "city_code" : null,
        "code" : "9486"
    },
    {
        "id" : 91,
        "name": "Equatorial Guinea",
        "iso2": "GQ",
        "iso3": "GNQ",
        "phone_code": "240",
        "status": "1",
        "tax_code" : null,
        "city_code" : null,
        "code" : "9493"
    },
    {
        "id" : 92,
        "name": "Guinea-Bissau",
        "iso2": "GW",
        "iso3": "GNB",
        "phone_code": "245",
        "status": "1",
        "tax_code" : null,
        "city_code" : null,
        "code" : "9494"
    },
    {
        "id" : 93,
        "name": "Guyana",
        "iso2": "GY",
        "iso3": "GUY",
        "phone_code": "592",
        "status": "1",
        "tax_code" : null,
        "city_code" : null,
        "code" : "9487"
    },
    {
        "id" : 94,
        "name": "Haiti",
        "iso2": "HT",
        "iso3": "HTI",
        "phone_code": "509",
        "status": "1",
        "tax_code" : null,
        "city_code" : null,
        "code" : "9495"
    },
    {
        "id" : 95,
        "name": "Hong Kong",
        "iso2": "HK",
        "iso3": "HKG",
        "phone_code": "852",
        "status": "1",
        "tax_code" : null,
        "city_code" : null,
        "code" : "9504"
    },
    {
        "id" : 96,
        "name": "Hungary",
        "iso2": "HU",
        "iso3": "HUN",
        "phone_code": "36",
        "status": "1",
        "tax_code" : null,
        "city_code" : null,
        "code" : "9507"
    },
    {
        "id" : 97,
        "name": "India",
        "iso2": "IN",
        "iso3": "IND",
        "phone_code": "91",
        "status": "1",
        "tax_code" : null,
        "city_code" : null,
        "code" : "9510"
    },
    {
        "id" : 98,
        "name": "Indonesia",
        "iso2": "ID",
        "iso3": "IDN",
        "phone_code": "62",
        "status": "1",
        "tax_code" : null,
        "city_code" : null,
        "code" : "9513"
    },
    {
        "id" : 99,
        "name": "Iran",
        "iso2": "IR",
        "iso3": "IRN",
        "phone_code": "98",
        "status": "1",
        "tax_code" : null,
        "city_code" : null,
        "code" : "9519"
    },
    {
        "id" : 100,
        "name": "Iraq",
        "iso2": "IQ",
        "iso3": "IRQ",
        "phone_code": "964",
        "status": "1",
        "tax_code" : null,
        "city_code" : null,
        "code" : "9516"
    },
    {
        "id" : 101,
        "name": "Ireland",
        "iso2": "IE",
        "iso3": "IRL",
        "phone_code": "353",
        "status": "1",
        "tax_code" : null,
        "city_code" : null,
        "code" : "9522"
    },
    {
        "id" : 102,
        "name": "Bouvet Island",
        "iso2": "BV",
        "iso3": "BVT",
        "phone_code": "",
        "status": "1",
        "tax_code" : null,
        "city_code" : null,
        "code" : null
    },
    {
        "id" : 103,
        "name": "Isle of Man",
        "iso2": "IM",
        "iso3": "IMN",
        "phone_code": "44",
        "status": "1",
        "tax_code" : null,
        "city_code" : null,
        "code" : "9521"
    },
    {
        "id" : 104,
        "name": "Christmas Island",
        "iso2": "CX",
        "iso3": "CXR",
        "phone_code": "61",
        "status": "1",
        "tax_code" : null,
        "city_code" : null,
        "code" : "9523"
    },
    {
        "id" : 105,
        "name": "Norfolk",
        "iso2": "NF",
        "iso3": "NFK",
        "phone_code": "672",
        "status": "1",
        "tax_code" : null,
        "city_code" : null,
        "code" : "9623"
    },
    {
        "id" : 106,
        "name": "Iceland",
        "iso2": "IS",
        "iso3": "ISL",
        "phone_code": "354",
        "status": "1",
        "tax_code" : null,
        "city_code" : null,
        "code" : "9525"
    },
    {
        "id" : 107,
        "name": "Bermuda",
        "iso2": "BM",
        "iso3": "BMU",
        "phone_code": "1 441",
        "status": "1",
        "tax_code" : null,
        "city_code" : null,
        "code" : "9863"
    },
    {
        "id" : 108,
        "name": "Cayman Islands",
        "iso2": "KY",
        "iso3": "CYM",
        "phone_code": "1 345",
        "status": "1",
        "tax_code" : null,
        "city_code" : null,
        "code" : "9887"
    },
    {
        "id" : 109,
        "name": "Cocos (Keeling) Islands",
        "iso2": "CC",
        "iso3": "CCK",
        "phone_code": "61",
        "status": "1",
        "tax_code" : null,
        "city_code" : null,
        "code" : "9524"
    },
    {
        "id" : 110,
        "name": "Cook Islands",
        "iso2": "CK",
        "iso3": "COK",
        "phone_code": "682",
        "status": "1",
        "tax_code" : null,
        "city_code" : null,
        "code" : "9527"
    },
    {
        "id" : 111,
        "name": "Åland",
        "iso2": "AX",
        "iso3": "ALA",
        "phone_code": "358",
        "status": "1",
        "tax_code" : null,
        "city_code" : null,
        "code" : "9304"
    },
    {
        "id" : 112,
        "name": "Faroe Islands",
        "iso2": "FO",
        "iso3": "FRO",
        "phone_code": "298",
        "status": "1",
        "tax_code" : null,
        "city_code" : null,
        "code" : null
    },
    {
        "id" : 113,
        "name": "South Georgia and the South Sandwich Islands",
        "iso2": "GS",
        "iso3": "SGS",
        "phone_code": "500",
        "status": "1",
        "tax_code" : null,
        "city_code" : null,
        "code" : null
    },
    {
        "id" : 114,
        "name": "Heard Island and McDonald Islands",
        "iso2": "HM",
        "iso3": "HMD",
        "phone_code": "",
        "status": "1",
        "tax_code" : null,
        "city_code" : null,
        "code" : null
    },
    {
        "id" : 115,
        "name": "Maldives",
        "iso2": "MV",
        "iso3": "MDV",
        "phone_code": "960",
        "status": "1",
        "tax_code" : null,
        "city_code" : null,
        "code" : "9577"
    },
    {
        "id" : 116,
        "name": "Falkland Islands (Malvinas)",
        "iso2": "FK",
        "iso3": "FLK",
        "phone_code": "500",
        "status": "1",
        "tax_code" : null,
        "city_code" : null,
        "code" : "9533"
    },
    {
        "id" : 117,
        "name": "Northern Mariana Islands",
        "iso2": "MP",
        "iso3": "MNP",
        "phone_code": "1 670",
        "status": "1",
        "tax_code" : null,
        "city_code" : null,
        "code" : "9535"
    },
    {
        "id" : 118,
        "name": "Marshall Islands",
        "iso2": "MH",
        "iso3": "MHL",
        "phone_code": "692",
        "status": "1",
        "tax_code" : null,
        "city_code" : null,
        "code" : "9536"
    },
    {
        "id" : 119,
        "name": "Pitcairn Islands",
        "iso2": "PN",
        "iso3": "PCN",
        "phone_code": "870",
        "status": "1",
        "tax_code" : null,
        "city_code" : null,
        "code" : null
    },
    {
        "id" : 120,
        "name": "Solomon Islands",
        "iso2": "SB",
        "iso3": "SLB",
        "phone_code": "677",
        "status": "1",
        "tax_code" : null,
        "city_code" : null,
        "code" : "9526"
    },
    {
        "id" : 121,
        "name": "Turks and Caicos Islands",
        "iso2": "TC",
        "iso3": "TCA",
        "phone_code": "1 649",
        "status": "1",
        "tax_code" : null,
        "city_code" : null,
        "code" : "9539"
    },
    {
        "id" : 122,
        "name": "United States Minor Outlying Islands",
        "iso2": "UM",
        "iso3": "UMI",
        "phone_code": "246",
        "status": "1",
        "tax_code" : null,
        "city_code" : null,
        "code" : null
    },
    {
        "id" : 123,
        "name": "British Virgin Islands",
        "iso2": "VG",
        "iso3": "VGB",
        "phone_code": "1 284",
        "status": "1",
        "tax_code" : null,
        "city_code" : null,
        "code" : "9897"
    },
    {
        "id" : 124,
        "name": "United States Virgin Islands",
        "iso2": "VI",
        "iso3": "VIR",
        "phone_code": "1 340",
        "status": "1",
        "tax_code" : null,
        "city_code" : null,
        "code" : "9545"
    },
    {
        "id" : 125,
        "name": "Israel",
        "iso2": "IL",
        "iso3": "ISR",
        "phone_code": "972",
        "status": "1",
        "tax_code" : null,
        "city_code" : null,
        "code" : "9528"
    },
    {
        "id" : 126,
        "name": "Italy",
        "iso2": "IT",
        "iso3": "ITA",
        "phone_code": "39",
        "status": "1",
        "tax_code" : null,
        "city_code" : null,
        "code" : "9531"
    },
    {
        "id" : 127,
        "name": "Jamaica",
        "iso2": "JM",
        "iso3": "JAM",
        "phone_code": "1 876",
        "status": "1",
        "tax_code" : null,
        "city_code" : null,
        "code" : "9534"
    },
    {
        "id" : 128,
        "name": "Japan",
        "iso2": "JP",
        "iso3": "JPN",
        "phone_code": "81",
        "status": "1",
        "tax_code" : null,
        "city_code" : null,
        "code" : "9537"
    },
    {
        "id" : 129,
        "name": "Jersey",
        "iso2": "JE",
        "iso3": "JEY",
        "phone_code": "44",
        "status": "1",
        "tax_code" : null,
        "city_code" : null,
        "code" : "9547"
    },
    {
        "id" : 130,
        "name": "Jordania",
        "iso2": "JO",
        "iso3": "JOR",
        "phone_code": "962",
        "status": "1",
        "tax_code" : null,
        "city_code" : null,
        "code" : "9540"
    },
    {
        "id" : 131,
        "name": "Kazakhstan",
        "iso2": "KZ",
        "iso3": "KAZ",
        "phone_code": "7",
        "status": "1",
        "tax_code" : null,
        "city_code" : null,
        "code" : null
    },
    {
        "id" : 132,
        "name": "Kenya",
        "iso2": "KE",
        "iso3": "KEN",
        "phone_code": "254",
        "status": "1",
        "tax_code" : null,
        "city_code" : null,
        "code" : "9543"
    },
    {
        "id" : 133,
        "name": "Kyrgyzstan",
        "iso2": "KG",
        "iso3": "KGZ",
        "phone_code": "996",
        "status": "1",
        "tax_code" : null,
        "city_code" : null,
        "code" : null
    },
    {
        "id" : 134,
        "name": "Kiribati",
        "iso2": "KI",
        "iso3": "KIR",
        "phone_code": "686",
        "status": "1",
        "tax_code" : null,
        "city_code" : null,
        "code" : "9544"
    },
    {
        "id" : 135,
        "name": "Kuwait",
        "iso2": "KW",
        "iso3": "KWT",
        "phone_code": "965",
        "status": "1",
        "tax_code" : null,
        "city_code" : null,
        "code" : "9546"
    },
    {
        "id" : 136,
        "name": "Lebanon",
        "iso2": "LB",
        "iso3": "LBN",
        "phone_code": "961",
        "status": "1",
        "tax_code" : null,
        "city_code" : null,
        "code" : "9555"
    },
    {
        "id" : 137,
        "name": "Laos",
        "iso2": "LA",
        "iso3": "LAO",
        "phone_code": "856",
        "status": "1",
        "tax_code" : null,
        "city_code" : null,
        "code" : "9549"
    },
    {
        "id" : 138,
        "name": "Lesotho",
        "iso2": "LS",
        "iso3": "LSO",
        "phone_code": "266",
        "status": "1",
        "tax_code" : null,
        "city_code" : null,
        "code" : "9552"
    },
    {
        "id" : 139,
        "name": "Latvia",
        "iso2": "LV",
        "iso3": "LVA",
        "phone_code": "371",
        "status": "1",
        "tax_code" : null,
        "city_code" : null,
        "code" : "9551"
    },
    {
        "id" : 140,
        "name": "Lebanon",
        "iso2": "LB",
        "iso3": "LBN",
        "phone_code": "961",
        "status": "1",
        "tax_code" : null,
        "city_code" : null,
        "code" : "9555"
    },
    {
        "id" : 141,
        "name": "Liberia",
        "iso2": "LR",
        "iso3": "LBR",
        "phone_code": "231",
        "status": "1",
        "tax_code" : null,
        "city_code" : null,
        "code" : "9558"
    },
    {
        "id" : 142,
        "name": "Libya",
        "iso2": "LY",
        "iso3": "LBY",
        "phone_code": "218",
        "status": "1",
        "tax_code" : null,
        "city_code" : null,
        "code" : "9561"
    },
    {
        "id" : 143,
        "name": "Liechtenstein",
        "iso2": "LI",
        "iso3": "LIE",
        "phone_code": "423",
        "status": "1",
        "tax_code" : null,
        "city_code" : null,
        "code" : "9564"
    },
    {
        "id" : 144,
        "name": "Lithuania",
        "iso2": "LT",
        "iso3": "LTU",
        "phone_code": "370",
        "status": "1",
        "tax_code" : null,
        "city_code" : null,
        "code" : "9565"
    },
    {
        "id" : 145,
        "name": "Luxembourg",
        "iso2": "LU",
        "iso3": "LUX",
        "phone_code": "352",
        "status": "1",
        "tax_code" : null,
        "city_code" : null,
        "code" : "9567"
    },
    {
        "id" : 146,
        "name": "Mexico",
        "iso2": "MX",
        "iso3": "MEX",
        "phone_code": "52",
        "status": "1",
        "tax_code" : null,
        "city_code" : null,
        "code" : "9600"
    },
    {
        "id" : 147,
        "name": "Monaco",
        "iso2": "MC",
        "iso3": "MCO",
        "phone_code": "377",
        "status": "1",
        "tax_code" : null,
        "city_code" : null,
        "code" : "9603"
    },
    {
        "id" : 148,
        "name": "Macao",
        "iso2": "MO",
        "iso3": "MAC",
        "phone_code": "853",
        "status": "1",
        "tax_code" : null,
        "city_code" : null,
        "code" : "9568"
    },
    {
        "id" : 149,
        "name": "Macedonia",
        "iso2": "MK",
        "iso3": "MKD",
        "phone_code": "389",
        "status": "1",
        "tax_code" : null,
        "city_code" : null,
        "code" : "9571"
    },
    {
        "id" : 150,
        "name": "Madagascar",
        "iso2": "MG",
        "iso3": "MDG",
        "phone_code": "261",
        "status": "1",
        "tax_code" : null,
        "city_code" : null,
        "code" : "9570"
    },
    {
        "id" : 151,
        "name": "Malaysia",
        "iso2": "MY",
        "iso3": "MYS",
        "phone_code": "60",
        "status": "1",
        "tax_code" : null,
        "city_code" : null,
        "code" : "9573"
    },
    {
        "id" : 152,
        "name": "Malawi",
        "iso2": "MW",
        "iso3": "MWI",
        "phone_code": "265",
        "status": "1",
        "tax_code" : null,
        "city_code" : null,
        "code" : "9576"
    },
    {
        "id" : 153,
        "name": "Mali",
        "iso2": "ML",
        "iso3": "MLI",
        "phone_code": "223",
        "status": "1",
        "tax_code" : null,
        "city_code" : null,
        "code" : "9579"
    },
    {
        "id" : 154,
        "name": "Malta",
        "iso2": "MT",
        "iso3": "MLT",
        "phone_code": "356",
        "status": "1",
        "tax_code" : null,
        "city_code" : null,
        "code" : "9582"
    },
    {
        "id" : 155,
        "name": "Morocco",
        "iso2": "MA",
        "iso3": "MAR",
        "phone_code": "212",
        "status": "1",
        "tax_code" : null,
        "city_code" : null,
        "code" : "9585"
    },
    {
        "id" : 156,
        "name": "Martinique",
        "iso2": "MQ",
        "iso3": "MTQ",
        "phone_code": "596",
        "status": "1",
        "tax_code" : null,
        "city_code" : null,
        "code" : "9865"
    },
    {
        "id" : 157,
        "name": "Mauritius",
        "iso2": "MU",
        "iso3": "MUS",
        "phone_code": "230",
        "status": "1",
        "tax_code" : null,
        "city_code" : null,
        "code" : "9594"
    },
    {
        "id" : 158,
        "name": "Mauritania",
        "iso2": "MR",
        "iso3": "MRT",
        "phone_code": "222",
        "status": "1",
        "tax_code" : null,
        "city_code" : null,
        "code" : "9597"
    },
    {
        "id" : 159,
        "name": "Mayotte",
        "iso2": "YT",
        "iso3": "MYT",
        "phone_code": "262",
        "status": "1",
        "tax_code" : null,
        "city_code" : null,
        "code" : "9598"
    },
    {
        "id" : 160,
        "name": "Estados de Federados",
        "iso2": "FM",
        "iso3": "FSM",
        "phone_code": "691",
        "status": "1",
        "tax_code" : null,
        "city_code" : null,
        "code" : null
    },
    {
        "id" : 161,
        "name": "Moldova",
        "iso2": "MD",
        "iso3": "MDA",
        "phone_code": "373",
        "status": "1",
        "tax_code" : null,
        "city_code" : null,
        "code" : "9602"
    },
    {
        "id" : 162,
        "name": "Mongolia",
        "iso2": "MN",
        "iso3": "MNG",
        "phone_code": "976",
        "status": "1",
        "tax_code" : null,
        "city_code" : null,
        "code" : "9606"
    },
    {
        "id" : 163,
        "name": "Montenegro",
        "iso2": "ME",
        "iso3": "MNE",
        "phone_code": "382",
        "status": "1",
        "tax_code" : null,
        "city_code" : null,
        "code" : "9607"
    },
    {
        "id" : 164,
        "name": "Montserrat",
        "iso2": "MS",
        "iso3": "MSR",
        "phone_code": "1 664",
        "status": "1",
        "tax_code" : null,
        "city_code" : null,
        "code" : "9608"
    },
    {
        "id" : 165,
        "name": "Mozambique",
        "iso2": "MZ",
        "iso3": "MOZ",
        "phone_code": "258",
        "status": "1",
        "tax_code" : null,
        "city_code" : null,
        "code" : "9609"
    },
    {
        "id" : 166,
        "name": "Namibia",
        "iso2": "NA",
        "iso3": "NAM",
        "phone_code": "264",
        "status": "1",
        "tax_code" : null,
        "city_code" : null,
        "code" : "9610"
    },
    {
        "id" : 167,
        "name": "Nauru",
        "iso2": "NR",
        "iso3": "NRU",
        "phone_code": "674",
        "status": "1",
        "tax_code" : null,
        "city_code" : null,
        "code" : "9611"
    },
    {
        "id" : 168,
        "name": "Nepal",
        "iso2": "NP",
        "iso3": "NPL",
        "phone_code": "977",
        "status": "1",
        "tax_code" : null,
        "city_code" : null,
        "code" : "9612"
    },
    {
        "id" : 169,
        "name": "Nicaragua",
        "iso2": "NI",
        "iso3": "NIC",
        "phone_code": "505",
        "status": "1",
        "tax_code" : null,
        "city_code" : null,
        "code" : "9615"
    },
    {
        "id" : 170,
        "name": "Niger",
        "iso2": "NE",
        "iso3": "NER",
        "phone_code": "227",
        "status": "1",
        "tax_code" : null,
        "city_code" : null,
        "code" : "9618"
    },
    {
        "id" : 171,
        "name": "Nigeria",
        "iso2": "NG",
        "iso3": "NGA",
        "phone_code": "234",
        "status": "1",
        "tax_code" : null,
        "city_code" : null,
        "code" : "9621"
    },
    {
        "id" : 172,
        "name": "Niue",
        "iso2": "NU",
        "iso3": "NIU",
        "phone_code": "683",
        "status": "1",
        "tax_code" : null,
        "city_code" : null,
        "code" : "9622"
    },
    {
        "id" : 173,
        "name": "Norway",
        "iso2": "NO",
        "iso3": "NOR",
        "phone_code": "47",
        "status": "1",
        "tax_code" : null,
        "city_code" : null,
        "code" : "9624"
    },
    {
        "id" : 174,
        "name": "New Caledonia",
        "iso2": "NC",
        "iso3": "NCL",
        "phone_code": "687",
        "status": "1",
        "tax_code" : null,
        "city_code" : null,
        "code" : "9627"
    },
    {
        "id" : 175,
        "name": "New Zealand",
        "iso2": "NZ",
        "iso3": "NZL",
        "phone_code": "64",
        "status": "1",
        "tax_code" : null,
        "city_code" : null,
        "code" : "9633"
    },
    {
        "id" : 176,
        "name": "Oman",
        "iso2": "OM",
        "iso3": "OMN",
        "phone_code": "968",
        "status": "1",
        "tax_code" : null,
        "city_code" : null,
        "code" : "9591"
    },
    {
        "id" : 177,
        "name": "Netherlands",
        "iso2": "NL",
        "iso3": "NLD",
        "phone_code": "31",
        "status": "1",
        "tax_code" : null,
        "city_code" : null,
        "code" : "9498"
    },
    {
        "id" : 178,
        "name": "Pakistan",
        "iso2": "PK",
        "iso3": "PAK",
        "phone_code": "92",
        "status": "1",
        "tax_code" : null,
        "city_code" : null,
        "code" : "9639"
    },
    {
        "id" : 179,
        "name": "Palau",
        "iso2": "PW",
        "iso3": "PLW",
        "phone_code": "680",
        "status": "1",
        "tax_code" : null,
        "city_code" : null,
        "code" : "9643"
    },
    {
        "id" : 180,
        "name": "Palestine",
        "iso2": "PS",
        "iso3": "PSE",
        "phone_code": "970",
        "status": "1",
        "tax_code" : null,
        "city_code" : null,
        "code" : "9640"
    },
    {
        "id" : 181,
        "name": "Panama",
        "iso2": "PA",
        "iso3": "PAN",
        "phone_code": "507",
        "status": "1",
        "tax_code" : null,
        "city_code" : null,
        "code" : "9642"
    },
    {
        "id" : 182,
        "name": "Papua New Guinea",
        "iso2": "PG",
        "iso3": "PNG",
        "phone_code": "675",
        "status": "1",
        "tax_code" : null,
        "city_code" : null,
        "code" : "9638"
    },
    {
        "id" : 183,
        "name": "New Hebrides",
        "iso2": "NH",
        "iso3": "NHB",
        "phone_code": null,
        "status": "1",
        "tax_code" : null,
        "city_code" : null,
        "code" : "9636"
    },
    {
        "id" : 184,
        "name": "Paraguay",
        "iso2": "PY",
        "iso3": "PRY",
        "phone_code": "595",
        "status": "1",
        "tax_code" : null,
        "city_code" : null,
        "code" : "9645"
    },
    {
        "id" : 185,
        "name": "Peru",
        "iso2": "PE",
        "iso3": "PER",
        "phone_code": "51",
        "status": "1",
        "tax_code" : null,
        "city_code" : null,
        "code" : "9648"
    },
    {
        "id" : 186,
        "name": "French Polynesia",
        "iso2": "PF",
        "iso3": "PYF",
        "phone_code": "689",
        "status": "1",
        "tax_code" : null,
        "city_code" : null,
        "code" : "9652"
    },
    {
        "id" : 187,
        "name": "Poland",
        "iso2": "PL",
        "iso3": "POL",
        "phone_code": "48",
        "status": "1",
        "tax_code" : null,
        "city_code" : null,
        "code" : "9651"
    },
    {
        "id" : 188,
        "name": "Portugal",
        "iso2": "PT",
        "iso3": "PRT",
        "phone_code": "351",
        "status": "1",
        "tax_code" : null,
        "city_code" : null,
        "code" : "9654"
    },
    {
        "id" : 189,
        "name": "Puerto Rico",
        "iso2": "PR",
        "iso3": "PRI",
        "phone_code": "1",
        "status": "1",
        "tax_code" : null,
        "city_code" : null,
        "code" : "9850"
    },
    {
        "id" : 190,
        "name": "Qatar",
        "iso2": "QA",
        "iso3": "QAT",
        "phone_code": "974",
        "status": "1",
        "tax_code" : null,
        "city_code" : null,
        "code" : "9660"
    },
    {
        "id" : 191,
        "name": "United Kingdom",
        "iso2": "GB",
        "iso3": "GBR",
        "phone_code": "44",
        "status": "1",
        "tax_code" : null,
        "city_code" : null,
        "code" : "9663"
    },
    {
        "id" : 192,
        "name": "Central African Republic",
        "iso2": "CF",
        "iso3": "CAF",
        "phone_code": "236",
        "status": "1",
        "tax_code" : null,
        "city_code" : null,
        "code" : null
    },
    {
        "id" : 193,
        "name": "Czech Republic",
        "iso2": "CZ",
        "iso3": "CZE",
        "phone_code": "420",
        "status": "1",
        "tax_code" : null,
        "city_code" : null,
        "code" : "9664"
    },
    {
        "id" : 194,
        "name": "Dominican Republic",
        "iso2": "DO",
        "iso3": "DOM",
        "phone_code": "1 809",
        "status": "1",
        "tax_code" : null,
        "city_code" : null,
        "code" : "9441"
    },
    {
        "id" : 195,
        "name": "South Sudan",
        "iso2": "SS",
        "iso3": "SSD",
        "phone_code": "211",
        "status": "1",
        "tax_code" : null,
        "city_code" : null,
        "code" : null
    },
    {
        "id" : 196,
        "name": "Réunion",
        "iso2": "RE",
        "iso3": "REU",
        "phone_code": "262",
        "status": "1",
        "tax_code" : null,
        "city_code" : null,
        "code" : "9667"
    },
    {
        "id" : 197,
        "name": "Rwanda",
        "iso2": "RW",
        "iso3": "RWA",
        "phone_code": "250",
        "status": "1",
        "tax_code" : null,
        "city_code" : null,
        "code" : "9672"
    },
    {
        "id" : 198,
        "name": "Romania",
        "iso2": "RO",
        "iso3": "ROU",
        "phone_code": "40",
        "status": "1",
        "tax_code" : null,
        "city_code" : null,
        "code" : "9675"
    },
    {
        "id" : 199,
        "name": "Russia",
        "iso2": "RU",
        "iso3": "RUS",
        "phone_code": "7",
        "status": "1",
        "tax_code" : null,
        "city_code" : null,
        "code" : "9733"
    },
    {
        "id" : 200,
        "name": "Western Sahara",
        "iso2": "EH",
        "iso3": "ESH",
        "phone_code": "212",
        "status": "1",
        "tax_code" : null,
        "city_code" : null,
        "code" : "9676"
    },
    {
        "id" : 201,
        "name": "Samoa",
        "iso2": "WS",
        "iso3": "WSM",
        "phone_code": "685",
        "status": "1",
        "tax_code" : null,
        "city_code" : null,
        "code" : "9678"
    },
    {
        "id" : 202,
        "name": "American Samoa",
        "iso2": "AS",
        "iso3": "ASM",
        "phone_code": "1 684",
        "status": "1",
        "tax_code" : null,
        "city_code" : null,
        "code" : "9685"
    },
    {
        "id" : 203,
        "name": "Saint Barthélemy",
        "iso2": "BL",
        "iso3": "BLM",
        "phone_code": "590",
        "status": "1",
        "tax_code" : null,
        "city_code" : null,
        "code" : null
    },
    {
        "id" : 204,
        "name": "Saint Kitts and Nevis",
        "iso2": "KN",
        "iso3": "KNA",
        "phone_code": "1 869",
        "status": "1",
        "tax_code" : null,
        "city_code" : null,
        "code" : "9679"
    },
    {
        "id" : 205,
        "name": "San Marino",
        "iso2": "SM",
        "iso3": "SMR",
        "phone_code": "378",
        "status": "1",
        "tax_code" : null,
        "city_code" : null,
        "code" : "9677"
    },
    {
        "id" : 206,
        "name": "Saint Martin (French part)",
        "iso2": "MF",
        "iso3": "MAF",
        "phone_code": "1 599",
        "status": "1",
        "tax_code" : null,
        "city_code" : null,
        "code" : null
    },
    {
        "id" : 207,
        "name": "Saint Pierre and Miquelon",
        "iso2": "PM",
        "iso3": "SPM",
        "phone_code": "508",
        "status": "1",
        "tax_code" : null,
        "city_code" : null,
        "code" : "9686"
    },
    {
        "id" : 208,
        "name": "Saint Vincent and the Grenadines",
        "iso2": "VC",
        "iso3": "VCT",
        "phone_code": "1 784",
        "status": "1",
        "tax_code" : null,
        "city_code" : null,
        "code" : null
    },
    {
        "id" : 209,
        "name": "Ascensión y Tristán de Acuña",
        "iso2": "SH",
        "iso3": "SHN",
        "phone_code": "290",
        "status": "1",
        "tax_code" : null,
        "city_code" : null,
        "code" : null
    },
    {
        "id" : 210,
        "name": "Saint Lucia",
        "iso2": "LC",
        "iso3": "LCA",
        "phone_code": "1 758",
        "status": "1",
        "tax_code" : null,
        "city_code" : null,
        "code" : "9680"
    },
    {
        "id" : 211,
        "name": "Sao Tome and Principe",
        "iso2": "ST",
        "iso3": "STP",
        "phone_code": "239",
        "status": "1",
        "tax_code" : null,
        "city_code" : null,
        "code" : null
    },
    {
        "id" : 212,
        "name": "Senegal",
        "iso2": "SN",
        "iso3": "SEN",
        "phone_code": "221",
        "status": "1",
        "tax_code" : null,
        "city_code" : null,
        "code" : "9681"
    },
    {
        "id" : 213,
        "name": "Serbia",
        "iso2": "RS",
        "iso3": "SRB",
        "phone_code": "381",
        "status": "1",
        "tax_code" : null,
        "city_code" : null,
        "code" : "9689"
    },
    {
        "id" : 214,
        "name": "Seychelles",
        "iso2": "SC",
        "iso3": "SYC",
        "phone_code": "248",
        "status": "1",
        "tax_code" : null,
        "city_code" : null,
        "code" : "9691"
    },
    {
        "id" : 215,
        "name": "Sierra Leone",
        "iso2": "SL",
        "iso3": "SLE",
        "phone_code": "232",
        "status": "1",
        "tax_code" : null,
        "city_code" : null,
        "code" : "9684"
    },
    {
        "id" : 216,
        "name": "Singapore",
        "iso2": "SG",
        "iso3": "SGP",
        "phone_code": "65",
        "status": "1",
        "tax_code" : null,
        "city_code" : null,
        "code" : "9687"
    },
    {
        "id" : 217,
        "name": "Sint Maarten",
        "iso2": "SX",
        "iso3": "SMX",
        "phone_code": "1 721",
        "status": "1",
        "tax_code" : null,
        "city_code" : null,
        "code" : null
    },
    {
        "id" : 218,
        "name": "Syria",
        "iso2": "SY",
        "iso3": "SYR",
        "phone_code": "963",
        "status": "1",
        "tax_code" : null,
        "city_code" : null,
        "code" : "9690"
    },
    {
        "id" : 219,
        "name": "Somalia",
        "iso2": "SO",
        "iso3": "SOM",
        "phone_code": "252",
        "status": "1",
        "tax_code" : null,
        "city_code" : null,
        "code" : "9693"
    },
    {
        "id" : 220,
        "name": "Sri Lanka",
        "iso2": "LK",
        "iso3": "LKA",
        "phone_code": "94",
        "status": "1",
        "tax_code" : null,
        "city_code" : null,
        "code" : "9707"
    },
    {
        "id" : 221,
        "name": "South Africa",
        "iso2": "ZA",
        "iso3": "ZAF",
        "phone_code": "27",
        "status": "1",
        "tax_code" : null,
        "city_code" : null,
        "code" : "9696"
    },
    {
        "id" : 222,
        "name": "Sudan",
        "iso2": "SD",
        "iso3": "SDN",
        "phone_code": "249",
        "status": "1",
        "tax_code" : null,
        "city_code" : null,
        "code" : "9699"
    },
    {
        "id" : 223,
        "name": "Sweden",
        "iso2": "SE",
        "iso3": "SWE",
        "phone_code": "46",
        "status": "1",
        "tax_code" : null,
        "city_code" : null,
        "code" : "9702"
    },
    {
        "id" : 224,
        "name": "Switzerland",
        "iso2": "CH",
        "iso3": "CHE",
        "phone_code": "41",
        "status": "1",
        "tax_code" : null,
        "city_code" : null,
        "code" : "9705"
    },
    {
        "id" : 225,
        "name": "Suriname",
        "iso2": "SR",
        "iso3": "SUR",
        "phone_code": "597",
        "status": "1",
        "tax_code" : null,
        "city_code" : null,
        "code" : "9706"
    },
    {
        "id" : 226,
        "name": "Svalbard and Jan Mayen",
        "iso2": "SJ",
        "iso3": "SJM",
        "phone_code": "47",
        "status": "1",
        "tax_code" : null,
        "city_code" : null,
        "code" : "9692"
    },
    {
        "id" : 227,
        "name": "Swaziland",
        "iso2": "SZ",
        "iso3": "SWZ",
        "phone_code": "268",
        "status": "1",
        "tax_code" : null,
        "city_code" : null,
        "code" : null
    },
    {
        "id" : 228,
        "name": "Tajikistan",
        "iso2": "TJ",
        "iso3": "TJK",
        "phone_code": "992",
        "status": "1",
        "tax_code" : null,
        "city_code" : null,
        "code" : "9709"
    },
    {
        "id" : 229,
        "name": "Thailand",
        "iso2": "TH",
        "iso3": "THA",
        "phone_code": "66",
        "status": "1",
        "tax_code" : null,
        "city_code" : null,
        "code" : "9711"
    },
    {
        "id" : 230,
        "name": "Taiwan",
        "iso2": "TW",
        "iso3": "TWN",
        "phone_code": "886",
        "status": "1",
        "tax_code" : null,
        "city_code" : null,
        "code" : "9899"
    },
    {
        "id" : 231,
        "name": "Tanzania",
        "iso2": "TZ",
        "iso3": "TZA",
        "phone_code": "255",
        "status": "1",
        "tax_code" : null,
        "city_code" : null,
        "code" : "9714"
    },
    {
        "id" : 232,
        "name": "British Indian Ocean Territory",
        "iso2": "IO",
        "iso3": "IOT",
        "phone_code": "246",
        "status": "1",
        "tax_code" : null,
        "city_code" : null,
        "code" : "9712"
    },
    {
        "id" : 233,
        "name": "French Southern Territories",
        "iso2": "TF",
        "iso3": "ATF",
        "phone_code": "",
        "status": "1",
        "tax_code" : null,
        "city_code" : null,
        "code" : "9713"
    },
    {
        "id" : 234,
        "name": "East Timor",
        "iso2": "TL",
        "iso3": "TLS",
        "phone_code": "670",
        "status": "1",
        "tax_code" : null,
        "city_code" : null,
        "code" : "9716"
    },
    {
        "id" : 235,
        "name": "Togo",
        "iso2": "TG",
        "iso3": "TGO",
        "phone_code": "228",
        "status": "1",
        "tax_code" : null,
        "city_code" : null,
        "code" : "9717"
    },
    {
        "id" : 236,
        "name": "Tokelau",
        "iso2": "TK",
        "iso3": "TKL",
        "phone_code": "690",
        "status": "1",
        "tax_code" : null,
        "city_code" : null,
        "code" : "9718"
    },
    {
        "id" : 237,
        "name": "Tonga",
        "iso2": "TO",
        "iso3": "TON",
        "phone_code": "676",
        "status": "1",
        "tax_code" : null,
        "city_code" : null,
        "code" : "9722"
    },
    {
        "id" : 238,
        "name": "Trinidad and Tobago",
        "iso2": "TT",
        "iso3": "TTO",
        "phone_code": "1 868",
        "status": "1",
        "tax_code" : null,
        "city_code" : null,
        "code" : "9720"
    },
    {
        "id" : 239,
        "name": "Tunisia",
        "iso2": "TN",
        "iso3": "TUN",
        "phone_code": "216",
        "status": "1",
        "tax_code" : null,
        "city_code" : null,
        "code" : "9723"
    },
    {
        "id" : 240,
        "name": "Turkmenistan",
        "iso2": "TM",
        "iso3": "TKM",
        "phone_code": "993",
        "status": "1",
        "tax_code" : null,
        "city_code" : null,
        "code" : "9719"
    },
    {
        "id" : 241,
        "name": "Turkey",
        "iso2": "TR",
        "iso3": "TUR",
        "phone_code": "90",
        "status": "1",
        "tax_code" : null,
        "city_code" : null,
        "code" : null
    },
    {
        "id" : 242,
        "name": "Tuvalu",
        "iso2": "TV",
        "iso3": "TUV",
        "phone_code": "688",
        "status": "1",
        "tax_code" : null,
        "city_code" : null,
        "code" : "9727"
    },
    {
        "id" : 243,
        "name": "Ukraine",
        "iso2": "UA",
        "iso3": "UKR",
        "phone_code": "380",
        "status": "1",
        "tax_code" : null,
        "city_code" : null,
        "code" : "9736"
    },
    {
        "id" : 244,
        "name": "Uganda",
        "iso2": "UG",
        "iso3": "UGA",
        "phone_code": "256",
        "status": "1",
        "tax_code" : null,
        "city_code" : null,
        "code" : "9729"
    },
    {
        "id" : 245,
        "name": "Uruguay",
        "iso2": "UY",
        "iso3": "URY",
        "phone_code": "598",
        "status": "1",
        "tax_code" : null,
        "city_code" : null,
        "code" : "9735"
    },
    {
        "id" : 246,
        "name": "Uzbekistan",
        "iso2": "UZ",
        "iso3": "UZB",
        "phone_code": "998",
        "status": "1",
        "tax_code" : null,
        "city_code" : null,
        "code" : "9737"
    },
    {
        "id" : 247,
        "name": "Vanuatu",
        "iso2": "VU",
        "iso3": "VUT",
        "phone_code": "678",
        "status": "1",
        "tax_code" : null,
        "city_code" : null,
        "code" : "9739"
    },
    {
        "id" : 248,
        "name": "Venezuela",
        "iso2": "VE",
        "iso3": "VEN",
        "phone_code": "58",
        "status": "1",
        "tax_code" : null,
        "city_code" : null,
        "code" : "9741"
    },
    {
        "id" : 249,
        "name": "Vietnam",
        "iso2": "VN",
        "iso3": "VNM",
        "phone_code": "84",
        "status": "1",
        "tax_code" : null,
        "city_code" : null,
        "code" : "9746"
    },
    {
        "id" : 250,
        "name": "Wallis and Futuna",
        "iso2": "WF",
        "iso3": "WLF",
        "phone_code": "681",
        "status": "1",
        "tax_code" : null,
        "city_code" : null,
        "code" : "9452"
    },
    {
        "id" : 251,
        "name": "Yemen",
        "iso2": "YE",
        "iso3": "YEM",
        "phone_code": "967",
        "status": "1",
        "tax_code" : null,
        "city_code" : null,
        "code" : "9750"
    },
    {
        "id" : 252,
        "name": "Djibouti",
        "iso2": "DJ",
        "iso3": "DJI",
        "phone_code": "253",
        "status": "1",
        "tax_code" : null,
        "city_code" : null,
        "code" : "9751"
    },
    {
        "id" : 253,
        "name": "Zambia",
        "iso2": "ZM",
        "iso3": "ZMB",
        "phone_code": "260",
        "status": "1",
        "tax_code" : null,
        "city_code" : null,
        "code" : "9759"
    },
    {
        "id" : 254,
        "name": "Zimbabwe",
        "iso2": "ZW",
        "iso3": "ZWE",
        "phone_code": "263",
        "status": "1",
        "tax_code" : null,
        "city_code" : null,
        "code" : "9760"
    }
]
